Symbol,Name,Last Sale,Net Change,% Change,Market Cap,Country,IPO Year,Volume,Sector,Industry
AAOI,Applied Optoelectronics Inc. Common Stock,$10.22,-0.32,-3.036%,397639075.00,United States,2013,6361180,Technology,Semiconductors
AAPL,Apple Inc. Common Stock,$183.05,-1.27,-0.689%,2806903710100.00,United States,1980,50759496,Technology,Computer Manufacturing
ABTS,Abits Group Inc Ordinary Shares,$0.807,-0.0069,-0.848%,28692624.00,China,,16528,Technology,Computer Software: Programming Data Processing
ACIW,ACI Worldwide Inc. Common Stock,$35.93,-0.24,-0.664%,3788451727.00,United States,,595044,Technology,EDP Services
ACLS,Axcelis Technologies Inc. Common Stock,$113.79,0.75,0.663%,3701872947.00,United States,2000,564460,Technology,Industrial Machinery/Components
ACMR,ACM Research Inc. Class A Common Stock,$23.125,-2.165,-8.561%,1433948598.00,United States,2017,2257560,Technology,Industrial Machinery/Components
ADBE,Adobe Inc. Common Stock,$482.29,-0.36,-0.075%,216065920000.00,United States,1986,2741116,Technology,Computer Software: Prepackaged Software
ADEA,Adeia Inc. Common Stock,$11.25,0.02,0.178%,1220708790.00,United States,2003,465964,Technology,Computer Software: Prepackaged Software
ADI,Analog Devices Inc. Common Stock,$207.19,2.40,1.172%,102747209599.00,United States,,2617014,Technology,Semiconductors
ADP,Automatic Data Processing Inc. Common Stock,$246.86,1.715,0.70%,101037658218.00,United States,,757877,Technology,EDP Services
ADSK,Autodesk Inc. Common Stock,$217.77,-0.86,-0.393%,46584340325.00,United States,,1032861,Technology,Computer Software: Prepackaged Software
ADTH,AdTheorent Holding Company Inc. Common Stock,$3.40,0.00,0.00%,312658087.00,United States,2021,1559675,Technology,Computer Software: Programming Data Processing
AEIS,Advanced Energy Industries Inc. Common Stock,$102.13,0.23,0.226%,3824018866.00,United States,1995,227593,Technology,Industrial Machinery/Components
AEYE,AudioEye Inc. Common Stock,$17.61,-0.51,-2.815%,204961751.00,United States,,225855,Technology,EDP Services
AGMH,AGM Group Holdings Inc. Class A Ordinary Shares,$1.07,0.01,0.943%,28199681.00,Hong Kong,2018,133928,Technology,EDP Services
AGYS,Agilysys Inc. Common Stock (DE),$81.81,0.78,0.963%,2238034938.00,United States,,131406,Technology,EDP Services
AILE,iLearningEngines Inc. Common Stock,$7.40,-0.37,-4.762%,60713522.00,United States,2021,34268,Technology,Computer Software: Prepackaged Software
AILEW,iLearningEngines Inc. Warrant,$0.445,0.015,3.488%,3651016.00,United States,2021,104919,Technology,Computer Software: Prepackaged Software
AIP,Arteris Inc. Common Stock,$8.27,-0.15,-1.781%,318222339.00,United States,2021,103996,Technology,Semiconductors
AIRG,Airgain Inc. Common Stock,$5.35,0.04,0.753%,57659229.00,United States,2016,18089,Technology,Radio And Television Broadcasting And Communications Equipment
AISP,Airship AI Holdings Inc. Class A Common Stock,$5.29,-0.04,-0.75%,120887334.00,United States,2021,337558,Technology,Computer Software: Prepackaged Software
AISPW,Airship AI Holdings Inc. Warrants,$0.36,0.0249,7.431%,8226737.00,United States,2021,77938,Technology,Computer Software: Prepackaged Software
AIXI,XIAO-I Corporation American Depositary Shares,$1.185,0.005,0.424%,85375430.00,China,2023,552534,Technology,Computer Software: Prepackaged Software
ALAB,Astera Labs Inc. Common Stock,$70.08,0.02,0.029%,10911547174.00,United States,2024,1828618,Technology,Semiconductors
ALAR,Alarum Technologies Ltd. American Depositary Share,$27.22,-0.95,-3.372%,162453397.00,Israel,2018,183673,Technology,Computer Software: Prepackaged Software
ALGM,Allegro MicroSystems Inc. Common Stock,$26.76,-0.91,-3.289%,5168047264.00,United States,2020,2746981,Technology,Semiconductors
ALKT,Alkami Technology Inc. Common Stock,$26.08,-0.29,-1.10%,2543203797.00,United States,2021,342611,Technology,Computer Software: Prepackaged Software
ALOT,AstroNova Inc. Common Stock,$17.79,-0.01,-0.056%,137750461.00,United States,1983,3956,Technology,Computer peripheral equipment
ALRM,Alarm.com Holdings Inc. Common Stock,$67.93,-0.86,-1.25%,3392774447.00,United States,2015,459331,Technology,Computer Software: Prepackaged Software
ALTR,Altair Engineering Inc. Class A Common Stock,$85.64,-0.04,-0.047%,7110934130.00,United States,2017,241038,Technology,Computer Software: Prepackaged Software
AMAT,Applied Materials Inc. Common Stock,$209.73,3.40,1.648%,174264102474.00,United States,1972,3502906,Technology,Semiconductors
AMBA,Ambarella Inc. Ordinary Shares,$45.85,-0.45,-0.972%,1878116457.00,United States,2012,387191,Technology,Semiconductors
AMD,Advanced Micro Devices Inc. Common Stock,$151.92,-0.47,-0.308%,245550403282.00,United States,,37652770,Technology,Semiconductors
AMKR,Amkor Technology Inc. Common Stock,$32.63,0.00,0.00%,8032535290.00,United States,1998,420252,Technology,Semiconductors
AMPL,Amplitude Inc. Class A Common Stock,$9.12,-0.14,-1.512%,1111189245.00,United States,,895789,Technology,Computer Software: Prepackaged Software
AMST,Amesite Inc. Common Stock,$3.54,0.22,6.627%,9000238.00,United States,2020,151895,Technology,Computer Software: Prepackaged Software
AMSWA,American Software Inc. Class A Common Stock,$10.07,-0.17,-1.66%,334526699.00,United States,,131228,Technology,Computer Software: Prepackaged Software
AOGO,Arogo Capital Acquisition Corp. Class A Common Stock,$10.96,0.00,0.00%,0.00,United States,2022,2,Technology,Computer Software: Prepackaged Software
AOGOW,Arogo Capital Acquisition Corp. Warrant,$0.0301,-0.0005,-1.634%,0.00,United States,2022,5107,Technology,Computer Software: Prepackaged Software
AOSL,Alpha and Omega Semiconductor Limited Common Shares,$27.00,-0.09,-0.332%,774947142.00,Bermuda,2010,226962,Technology,Semiconductors
APCX,AppTech Payments Corp. Common Stock,$0.9481,0.0417,4.601%,23403201.00,United States,,58382,Technology,Computer Software: Prepackaged Software
APCXW,AppTech Payments Corp. Warrant,$0.375,-0.005,-1.316%,9256619.00,United States,,2062,Technology,Computer Software: Prepackaged Software
API,Agora Inc. American Depositary Shares,$2.76,0.04,1.471%,254478006.00,China,2020,125029,Technology,Computer Software: Prepackaged Software
APP,Applovin Corporation Class A Common Stock,$86.43,1.74,2.055%,28436651325.00,United States,2021,4971021,Technology,Computer Software: Programming Data Processing
APPF,AppFolio Inc. Class A Common Stock,$247.31,2.01,0.819%,8955910481.00,United States,2015,202500,Technology,Computer Software: Prepackaged Software
APPN,Appian Corporation Class A Common Stock,$32.24,0.58,1.832%,2329065960.00,United States,2017,405994,Technology,Computer Software: Prepackaged Software
ARBB,ARB IOT Group Limited Ordinary Shares,$0.945,-0.045,-4.545%,24983438.00,Malaysia,2023,57439,Technology,EDP Services
ARBE,Arbe Robotics Ltd. Ordinary Shares,$1.65,-0.02,-1.198%,129065569.00,Israel,,63118,Technology,EDP Services
ARBEW,Arbe Robotics Ltd. Warrant,$0.1925,0.0325,20.313%,15057650.00,Israel,,4532,Technology,EDP Services
ARM,Arm Holdings plc American Depositary Shares,$108.84,5.25,5.068%,111895720767.00,United Kingdom,2023,15281029,Technology,Semiconductors
ARQQ,Arqit Quantum Inc. Ordinary Shares,$0.3992,-0.01,-2.444%,65497289.00,United Kingdom,,5773134,Technology,Computer Software: Prepackaged Software
ARQQW,Arqit Quantum Inc. Warrants,$0.155,-0.023,-12.921%,25431062.00,United Kingdom,,1010,Technology,Computer Software: Prepackaged Software
ASML,ASML Holding N.V. New York Registry Shares,$930.29,16.75,1.834%,365996292829.00,Netherlands,1995,814077,Technology,Industrial Machinery/Components
ASST,Asset Entities Inc. Class B Common Stock,$0.3701,-0.0098,-2.58%,5338474.00,United States,2023,49902,Technology,Computer Software: Prepackaged Software
ASTI,Ascent Solar Technologies Inc. Common Stock,$0.0952,-0.0088,-8.462%,2926020.00,United States,,2637806,Technology,Semiconductors
ASUR,Asure Software Inc Common Stock,$7.46,-0.09,-1.192%,192565480.00,United States,,99239,Technology,EDP Services
ASYS,Amtech Systems Inc. Common Stock,$5.17,-0.07,-1.336%,73459470.00,United States,,31160,Technology,Industrial Machinery/Components
ATGL,Alpha Technology Group Limited Ordinary Shares,$4.84,0.47,10.755%,73870500.00,China,2023,31268,Technology,EDP Services
ATOM,Atomera Incorporated Common Stock,$4.42,0.20,4.739%,118842180.00,United States,2016,325852,Technology,Semiconductors
AUID,authID Inc. Common Stock,$8.50,0.55,6.918%,80326870.00,United States,,32599,Technology,Computer Software: Prepackaged Software
AUR,Aurora Innovation Inc. Class A Common Stock,$3.22,-0.39,-10.803%,4998659105.00,United States,2021,8025521,Technology,EDP Services
AUROW,Aurora Innovation Inc. Warrant,$0.295,-0.045,-13.235%,457951688.00,United States,2021,1832,Technology,EDP Services
AUUD,Auddia Inc. Common Stock,$1.70,-0.03,-1.734%,3730133.00,United States,2021,56317,Technology,EDP Services
AUUDW,Auddia Inc. Warrants,$0.0361,-0.0002,-0.551%,79210.00,United States,2021,166,Technology,EDP Services
AVDX,AvidXchange Holdings Inc. Common Stock,$11.24,-0.23,-2.005%,2322195240.00,United States,2021,2313539,Technology,Computer Software: Prepackaged Software
AVGO,Broadcom Inc. Common Stock,$1332.80,27.13,2.078%,617647824674.00,United States,2009,1629953,Technology,Semiconductors
AVNW,Aviat Networks Inc. Common Stock,$31.31,-0.04,-0.128%,393419042.00,United States,,56214,Technology,Radio And Television Broadcasting And Communications Equipment
AVPT,AvePoint Inc. Class A Common Stock,$8.15,0.05,0.617%,1499688281.00,United States,2019,1237803,Technology,Computer Software: Prepackaged Software
AVPTW,AvePoint Inc. Warrant,$0.9733,0.0533,5.793%,179097743.00,United States,2019,26719,Technology,Computer Software: Prepackaged Software
AVT,Avnet Inc. Common Stock,$51.75,0.00,0.00%,4677176903.00,United States,,491524,Technology,Electronic Components
AWRE,Aware Inc. Common Stock,$2.04,-0.11,-5.116%,43013877.00,United States,1996,28949,Technology,Computer Software: Prepackaged Software
AXTI,AXT Inc Common Stock,$3.61,0.04,1.12%,159736175.00,United States,1998,404700,Technology,Semiconductors
AZPN,Aspen Technology Inc. Common Stock,$209.08,3.14,1.525%,13240587505.00,United States,,317275,Technology,EDP Services
BAND,Bandwidth Inc. Class A Common Stock,$21.61,0.09,0.418%,583636764.00,United States,2017,183465,Technology,Computer Software: Prepackaged Software
BASE,Couchbase Inc. Common Stock,$26.06,0.08,0.308%,1283786144.00,United States,2021,422143,Technology,Computer Software: Prepackaged Software
BCAN,BYND Cannasoft Enterprises Inc. Common Stock,$0.87,-0.0811,-8.527%,729141.00,Canada,,746254,Technology,Computer Software: Prepackaged Software
BCOV,Brightcove Inc. Common Stock,$1.89,-0.04,-2.073%,84260889.00,United States,2012,135144,Technology,EDP Services
BEEM,Beam Global Common Stock,$6.21,-0.04,-0.64%,89661657.00,United States,,64097,Technology,Semiconductors
BIDU,Baidu Inc. ADS,$108.66,-2.21,-1.993%,38101512191.00,China,2005,2806615,Technology,Computer Software: Programming Data Processing
BIGC,BigCommerce Holdings Inc. Series 1 Common Stock,$7.59,0.06,0.797%,586513660.00,United States,2020,933981,Technology,Computer Software: Prepackaged Software
BILI,Bilibili Inc. American Depositary Shares,$14.07,0.06,0.428%,5799046542.00,China,2018,6016613,Technology,EDP Services
BKYI,BIO-key International Inc. Common Stock,$1.65,0.01,0.61%,1552650.00,United States,,3054,Technology,Computer Software: Prepackaged Software
BL,BlackLine Inc. Common Stock,$58.22,-0.77,-1.305%,3599009610.00,United States,2016,757105,Technology,Computer Software: Prepackaged Software
BLBX,Blackboxstocks Inc. Common Stock,$2.65,-0.2129,-7.437%,8549284.00,United States,,9077,Technology,EDP Services
BLIN,Bridgeline Digital Inc. Common Stock,$1.28,-0.01,-0.775%,13334540.00,United States,2007,7774,Technology,Computer Software: Prepackaged Software
BLKB,Blackbaud Inc. Common Stock,$77.65,-0.01,-0.013%,4008764801.00,United States,2004,96034,Technology,Computer Software: Prepackaged Software
BLZE,Backblaze Inc. Class A Common Stock,$7.25,-0.25,-3.333%,300875000.00,United States,2021,760536,Technology,Computer Software: Prepackaged Software
BMBL,Bumble Inc. Class A Common Stock,$11.45,0.00,0.00%,1444974210.00,United States,2021,4974588,Technology,Computer Software: Programming Data Processing
BMR,Beamr Imaging Ltd. Ordinary Share,$5.80,-0.24,-3.974%,75697789.00,Israel,2023,149166,Technology,Computer Software: Prepackaged Software
BNAI,Brand Engagement Network Inc. Common Stock,$1.45,-0.265,-15.452%,48280643.00,United States,2021,140989,Technology,EDP Services
BNZI,Banzai International Inc. Class A Common Stock,$0.336,0.0248,7.969%,6742881.00,United States,2021,394962,Technology,Computer Software: Prepackaged Software
BRAG,Bragg Gaming Group Inc. Common Shares,$6.33,0.46,7.836%,146980701.00,Canada,,77826,Technology,Office Equipment/Supplies/Services
BRZE,Braze Inc. Class A Common Stock,$41.23,-0.08,-0.194%,4157527775.00,United States,2021,608797,Technology,Computer Software: Prepackaged Software
BSY,Bentley Systems Incorporated Class B Common Stock,$55.48,0.47,0.854%,16644011651.00,United States,2020,886596,Technology,Computer Software: Prepackaged Software
BYU,BAIYU Holdings Inc. Common Stock,$1.19,-0.04,-3.252%,23544969.00,China,2013,16047,Technology,EDP Services
BZ,KANZHUN LIMITED American Depository Shares,$20.76,0.39,1.915%,9132869075.00,China,2021,3392399,Technology,Computer Software: Programming Data Processing
CAMP,CalAmp Corp. Common Stock,$3.9174,-0.0326,-0.825%,6467012.00,United States,1983,15220,Technology,Radio And Television Broadcasting And Communications Equipment
CAMT,Camtek Ltd. Ordinary Shares,$90.46,-1.16,-1.266%,4061800726.00,Israel,2000,409701,Technology,Electronic Components
CAN,Canaan Inc. American Depositary Shares,$0.9593,0.0346,3.742%,243923044.00,China,2019,11969832,Technology,Semiconductors
CARG,CarGurus Inc. Class A Common Stock ,$24.22,1.94,8.707%,2523540921.00,United States,2017,1955920,Technology,EDP Services
CCCS,CCC Intelligent Solutions Holdings Inc. Common Stock,$10.62,-0.05,-0.469%,6526884608.00,United States,,1453485,Technology,Computer Software: Prepackaged Software
CCLD,CareCloud Inc. Common Stock,$1.26,-0.05,-3.817%,20309300.00,United States,2014,85264,Technology,Computer Software: Prepackaged Software
CCLDO,CareCloud Inc. 8.75% Series B Cumulative Redeemable Perpetual Preferred Stock,$8.608,0.1447,1.71%,138747979.00,United States,,7049,Technology,Computer Software: Prepackaged Software
CCLDP,CareCloud Inc. 11% Series A Cumulative Redeemable Perpetual Preferred Stock,$6.95,-0.1999,-2.796%,112023519.00,United States,,14781,Technology,Computer Software: Prepackaged Software
CCSI,Consensus Cloud Solutions Inc. Common Stock,$19.11,1.11,6.167%,367297430.00,United States,,514651,Technology,Computer Software: Prepackaged Software
CDLX,Cardlytics Inc. Common Stock,$8.81,-0.46,-4.962%,429778591.00,United States,2018,2553650,Technology,Computer Software: Programming Data Processing
CDNS,Cadence Design Systems Inc. Common Stock,$287.48,2.20,0.771%,78233082320.00,United States,,840607,Technology,Computer Software: Prepackaged Software
CERS,Cerus Corporation Common Stock,$1.73,-0.18,-9.424%,319859823.00,United States,1997,1276447,Technology,EDP Services
CERT,Certara Inc. Common Stock,$17.00,-0.06,-0.352%,2734304667.00,United States,2020,437091,Technology,Computer Software: Prepackaged Software
CETX,Cemtrex Inc. Common Stock,$0.2813,-0.0001,-0.036%,311798.00,United States,,636388,Technology,Electrical Products
CEVA,CEVA Inc. Common Stock,$19.61,-0.64,-3.16%,462445805.00,United States,,133833,Technology,Computer Software: Programming Data Processing
CFLT,Confluent Inc. Class A Common Stock,$29.42,-1.61,-5.189%,9350704847.00,United States,2021,3734508,Technology,Computer Software: Prepackaged Software
CGNT,Cognyte Software Ltd. Ordinary Shares,$7.53,-0.11,-1.44%,534603909.00,Israel,,234143,Technology,Computer Software: Prepackaged Software
CHKP,Check Point Software Technologies Ltd. Ordinary Shares,$151.57,-0.81,-0.532%,17113227140.00,Israel,1996,492740,Technology,Computer Software: Prepackaged Software
CHR,Cheer Holding Inc. Ordinary Share,$2.8299,0.0299,1.068%,28497127.00,China,2018,20018,Technology,EDP Services
CLBT,Cellebrite DI Ltd. Ordinary Shares,$11.05,-0.22,-1.952%,2268532568.00,Israel,,554607,Technology,Computer Software: Prepackaged Software
CLBTW,Cellebrite DI Ltd. Warrants,$2.30,-0.26,-10.156%,472183250.00,Israel,,42691,Technology,Computer Software: Prepackaged Software
CLMB,Climb Global Solutions Inc. Common Stock,$55.23,0.16,0.291%,253236785.00,United States,,32724,Technology,Retail: Computer Software & Peripheral Equipment
CLPS,CLPS Incorporation Common Stock,$0.9639,0.0039,0.406%,24662463.00,China,2018,492,Technology,Computer Software: Prepackaged Software
CMBM,Cambium Networks Corporation Ordinary Shares,$3.58,-0.45,-11.166%,99736498.00,Cayman Islands,2019,164277,Technology,Radio And Television Broadcasting And Communications Equipment
CMTL,Comtech Telecommunications Corp. Common Stock,$1.70,0.02,1.19%,48405497.00,United States,,469635,Technology,Radio And Television Broadcasting And Communications Equipment
CNET,ZW Data Action Technologies Inc. Common Stock,$0.8123,-0.0025,-0.307%,5852220.00,China,,5540,Technology,Computer Software: Programming Data Processing
CNXC,Concentrix Corporation Common Stock,$60.24,0.00,0.00%,3975352960.00,United States,,395097,Technology,Computer Software: Prepackaged Software
CNXN,PC Connection Inc. Common Stock,$64.96,0.27,0.417%,1712568478.00,United States,,74562,Technology,Retail: Computer Software & Peripheral Equipment
COMM,CommScope Holding Company Inc. Common Stock,$1.05,-0.06,-5.405%,222890491.00,United States,2013,1805186,Technology,Radio And Television Broadcasting And Communications Equipment
CRCT,Cricut Inc. Class A Common Stock,$7.05,-0.81,-10.305%,1527836971.00,United States,2021,1661175,Technology,Industrial Machinery/Components
CRDO,Credo Technology Group Holding Ltd Ordinary Shares,$17.68,0.34,1.961%,2886978056.00,United States,2022,1825056,Technology,Semiconductors
CREX,Creative Realities Inc. Common Stock,$3.92,-0.13,-3.21%,40950903.00,United States,,109879,Technology,EDP Services
CRKN,Crown Electrokinetics Corp. Common Stock,$0.0429,-0.0041,-8.723%,2218017.00,United States,,15653445,Technology,Industrial Machinery/Components
CRNC,Cerence Inc. Common Stock,$5.35,-0.93,-14.809%,222959308.00,United States,,3728166,Technology,Computer Software: Prepackaged Software
CRNT,Ceragon Networks Ltd. Ordinary Shares,$2.83,-0.03,-1.049%,241733848.00,Israel,,310832,Technology,Radio And Television Broadcasting And Communications Equipment
CRSR,Corsair Gaming Inc. Common Stock,$10.83,-0.01,-0.092%,1125297247.00,United States,2020,682172,Technology,Computer peripheral equipment
CRUS,Cirrus Logic Inc. Common Stock,$106.13,2.35,2.264%,5724119852.00,United States,1989,676647,Technology,Semiconductors
CRWD,CrowdStrike Holdings Inc. Class A Common Stock,$320.76,2.82,0.887%,77581790740.00,United States,2019,2657401,Technology,EDP Services
CSGS,CSG Systems International Inc. Common Stock,$42.03,-1.52,-3.49%,1247076543.00,United States,1996,405643,Technology,EDP Services
CSIQ,Canadian Solar Inc. Common Shares (ON),$15.70,-1.58,-9.144%,1038692234.00,Canada,2006,3380913,Technology,Semiconductors
CSLR,Complete Solaria Inc. Common Stock,$0.5889,-0.0711,-10.773%,28912949.00,United States,,469026,Technology,Semiconductors
CSLRW,Complete Solaria Inc. Warrants,$0.0351,-0.0002,-0.567%,1723288.00,United States,,15820,Technology,Semiconductors
CSPI,CSP Inc. Common Stock,$13.59,0.51,3.899%,132555501.00,United States,1982,70867,Technology,EDP Services
CTSH,Cognizant Technology Solutions Corporation Class A Common Stock,$66.98,0.18,0.269%,33302380179.00,United States,1998,4825236,Technology,EDP Services
CVLT,Commvault Systems Inc. Common Stock,$111.32,0.28,0.252%,4860411650.00,United States,2006,280901,Technology,Computer Software: Prepackaged Software
CVV,CVD Equipment Corporation Common Stock,$4.83,0.15,3.205%,32962388.00,United States,,7133,Technology,Industrial Machinery/Components
CXAI,CXApp Inc. Class A Common Stock,$3.54,0.07,2.017%,54000537.00,United States,2021,1033403,Technology,EDP Services
CXAIW,CXApp Inc. Warrant,$0.2673,0.0123,4.824%,4077498.00,United States,2021,51647,Technology,EDP Services
CYBR,CyberArk Software Ltd. Ordinary Shares,$233.57,0.22,0.094%,9869578830.00,Israel,2014,294498,Technology,Computer Software: Prepackaged Software
CYN,Cyngn Inc. Common Stock,$0.0756,-0.0117,-13.402%,10700629.00,United States,2021,15026518,Technology,EDP Services
DADA,Dada Nexus Limited American Depositary Shares,$1.88,-0.12,-6.00%,496466341.00,China,2020,2151321,Technology,Computer Software: Programming Data Processing
DBX,Dropbox Inc. Class A Common Stock,$23.13,-0.01,-0.043%,7956353575.00,United States,2018,7676802,Technology,Computer Software: Prepackaged Software
DCBO,Docebo Inc. Common Shares,$35.81,-10.64,-22.906%,1135797874.00,Canada,,630865,Technology,Computer Software: Prepackaged Software
DDI,DoubleDown Interactive Co. Ltd. American Depository Shares,$12.50,0.525,4.384%,619418000.00,South Korea,2021,35015,Technology,EDP Services
DDOG,Datadog Inc. Class A Common Stock,$118.97,3.10,2.675%,39795323664.00,United States,2019,5174685,Technology,EDP Services
DGII,Digi International Inc. Common Stock,$27.39,0.39,1.444%,996300157.00,United States,1989,158998,Technology,Computer peripheral equipment
DGLY,Digital Ally Inc. Common Stock,$2.5542,-0.0858,-3.25%,7153681.00,United States,,26457,Technology,Radio And Television Broadcasting And Communications Equipment
DH,Definitive Healthcare Corp. Class A Common Stock,$5.32,0.15,2.901%,627412673.00,United States,2021,2905589,Technology,Computer Software: Prepackaged Software
DIOD,Diodes Incorporated Common Stock,$69.32,-7.15,-9.35%,3184547213.00,United States,,866300,Technology,Semiconductors
DJT,Trump Media & Technology Group Corp. Common Stock,$50.99,-3.40,-6.251%,6970362727.00,United States,2024,6575002,Technology,Computer Software: Programming Data Processing
DJTWW,Trump Media & Technology Group Corp. Warrants,$22.30,-0.02,-0.09%,3048423001.00,United States,2021,267307,Technology,Computer Software: Programming Data Processing
DMRC,Digimarc Corporation Common Stock,$22.96,-0.06,-0.261%,490731496.00,United States,,125607,Technology,EDP Services
DOCU,DocuSign Inc. Common Stock,$58.03,0.75,1.309%,11920239936.00,United States,1989,988430,Technology,Computer Software: Prepackaged Software
DOMO,Domo Inc. Class B Common Stock,$7.17,-0.19,-2.582%,272683776.00,United States,2018,461957,Technology,Computer Software: Prepackaged Software
DOX,Amdocs Limited Ordinary Shares,$83.23,1.53,1.873%,9766858975.00,Guernsey,,1479860,Technology,EDP Services
DOYU,DouYu International Holdings Limited ADS,$9.44,-0.29,-2.98%,298639819.00,China,2019,88983,Technology,Computer Software: Programming Data Processing
DSGX,Descartes Systems Group Inc. (The) Common Stock,$97.37,-0.41,-0.419%,8294313013.00,Canada,,95278,Technology,Computer Software: Prepackaged Software
DSP,Viant Technology Inc. Class A Common Stock,$8.70,-0.07,-0.798%,552402942.00,United States,2021,144460,Technology,Computer Software: Programming Data Processing
DTSS,Datasea Inc. Common Stock,$7.52,0.12,1.622%,19087911.00,China,,17702,Technology,Computer Software: Prepackaged Software
DTST,Data Storage Corporation Common Stock,$5.70,0.10,1.786%,39443715.00,United States,,42001,Technology,EDP Services
DTSTW,Data Storage Corporation Warrant,$0.7774,0.0074,0.961%,5379569.00,United States,,38736,Technology,EDP Services
DUOL,Duolingo Inc. Class A Common Stock,$188.12,-12.46,-6.212%,8112132838.00,United States,2021,1873968,Technology,Computer Software: Prepackaged Software
DUOT,Duos Technologies Group Inc. Common Stock,$2.46,-0.26,-9.559%,17974391.00,United States,,46165,Technology,Computer Software: Prepackaged Software
EA,Electronic Arts Inc. Common Stock,$127.14,0.02,0.016%,33990937612.00,United States,,2023260,Technology,Computer Software: Prepackaged Software
EBON,Ebang International Holdings Inc. Class A Ordinary Shares,$7.85,-0.1645,-2.053%,51369913.00,China,2020,13397,Technology,Semiconductors
ECX,ECARX Holdings Inc. Class A Ordinary shares,$1.61,0.06,3.871%,544099444.00,China,,20310,Technology,EDP Services
ECXWW,ECARX Holdings Inc. Warrants,$0.0252,0.0052,26.00%,8516339.00,China,,12158,Technology,EDP Services
EEFT,Euronet Worldwide Inc. Common Stock,$114.08,-0.21,-0.184%,5232979195.00,United States,1997,204060,Technology,EDP Services
EGAN,eGain Corporation Common Stock,$5.79,-0.83,-12.538%,180663071.00,United States,1999,168766,Technology,Computer Software: Prepackaged Software
EGHT,8x8 Inc Common Stock,$2.59,-0.22,-7.829%,319661470.00,United States,,1693210,Technology,EDP Services
ELTK,Eltek Ltd. Ordinary Shares,$10.45,0.11,1.064%,62916242.00,Israel,1997,15045,Technology,Electrical Products
ELWS,Earlyworks Co. Ltd. American Depositary Shares,$0.5874,0.0012,0.205%,8834144.00,Japan,2023,214973,Technology,EDP Services
EMKR,EMCORE Corporation Common Stock,$1.05,-0.06,-5.405%,8118629.00,United States,1997,1247362,Technology,Semiconductors
ENPH,Enphase Energy Inc. Common Stock,$108.35,-2.78,-2.502%,14742397554.00,United States,2012,3201828,Technology,Semiconductors
ERIC,Ericsson American Depositary Shares,$5.34,0.05,0.945%,17857770265.00,Sweden,,8358904,Technology,Radio And Television Broadcasting And Communications Equipment
ERII,Energy Recovery Inc. Common Stock,$13.96,0.06,0.432%,800328936.00,United States,2008,592341,Technology,Industrial Machinery/Components
EVBG,Everbridge Inc. Common Stock,$34.74,-0.03,-0.086%,1445740778.00,United States,2016,1574567,Technology,Computer Software: Prepackaged Software
EVCM,EverCommerce Inc. Common Stock,$10.09,0.40,4.128%,1882118525.00,United States,2021,224000,Technology,Computer Software: Prepackaged Software
EVER,EverQuote Inc. Class A Common Stock,$22.80,-0.93,-3.919%,791737684.00,United States,2018,609112,Technology,Computer Software: Programming Data Processing
EVGO,EVgo Inc. Class A Common Stock,$1.86,-0.13,-6.533%,561782044.00,United States,,4081771,Technology,EDP Services
EVGOW,EVgo Inc. Warrants,$0.1457,-0.0231,-13.685%,44006260.00,United States,,10495,Technology,EDP Services
EVLV,Evolv Technologies Holdings Inc. Class A Common Stock,$2.36,-1.48,-38.542%,368364367.00,United States,2020,14736204,Technology,Computer peripheral equipment
EVLVW,Evolv Technologies Holdings Inc. Warrant,$0.20,-0.15,-42.857%,31217319.00,United States,2020,3314288,Technology,Computer peripheral equipment
EXFY,Expensify Inc. Class A Common Stock,$1.77,-0.01,-0.562%,153094109.00,United States,2021,462092,Technology,Computer Software: Prepackaged Software
EXLS,ExlService Holdings Inc. Common Stock,$30.63,0.09,0.295%,4975480535.00,United States,2006,1057313,Technology,Retail: Computer Software & Peripheral Equipment
FAAS,DigiAsia Corp. Ordinary Shares,$8.49,0.54,6.792%,515273696.00,United States,2021,38295,Technology,Computer Software: Prepackaged Software
FAASW,DigiAsia Corp. Warrant,$0.0788,-0.011,-12.249%,4782517.00,United States,2021,9926,Technology,Computer Software: Prepackaged Software
FER,Ferrovial SE Ordinary Shares,$37.50,-2.50,-6.25%,27279122288.00,Netherlands,,29354,Technology,Industrial Machinery/Components
FFIV,F5 Inc. Common Stock,$171.62,0.58,0.339%,10058893617.00,United States,1999,313444,Technology,EDP Services
FIVN,Five9 Inc. Common Stock,$53.06,-0.50,-0.934%,3919435284.00,United States,2014,1175891,Technology,EDP Services
FLEX,Flex Ltd. Ordinary Shares,$28.66,-0.05,-0.174%,12070537799.00,Singapore,1994,2084225,Technology,Electrical Products
FNGR,FingerMotion Inc. Common Stock,$3.15,-0.09,-2.778%,165517853.00,United States,,242450,Technology,Computer Software: Prepackaged Software
FORA,Forian Inc. Common Stock,$2.62,-0.18,-6.429%,81565408.00,United States,,21117,Technology,EDP Services
FORM,FormFactor Inc. FormFactor Inc. Common Stock,$56.45,-0.20,-0.353%,4356248814.00,United States,2003,443577,Technology,Semiconductors
FORTY,Formula Systems (1985) Ltd. American Depositary Shares,$84.27,0.15,0.178%,1290819798.00,Israel,,304,Technology,EDP Services
FROG,JFrog Ltd. Ordinary Shares,$33.01,-7.61,-18.735%,3509170072.00,United States,2020,9102945,Technology,Computer Software: Prepackaged Software
FRSH,Freshworks Inc. Class A Common Stock,$13.71,-0.12,-0.868%,4096822886.00,United States,2021,3421497,Technology,Computer Software: Prepackaged Software
FRSX,Foresight Autonomous Holdings Ltd. American Depositary Shares,$1.20,0.05,4.348%,18391122.00,Israel,,118889,Technology,Computer Software: Prepackaged Software
FSLR,First Solar Inc. Common Stock,$191.05,-2.56,-1.322%,20450263291.00,United States,2006,1775182,Technology,Semiconductors
FTCI,FTC Solar Inc. Common Stock,$0.4657,-0.0843,-15.327%,58498274.00,United States,2021,1209021,Technology,Semiconductors
FTNT,Fortinet Inc. Common Stock,$58.16,0.05,0.086%,44430634545.00,United States,2009,3934532,Technology,Computer peripheral equipment
GAN,GAN Limited Ordinary Shares,$1.34,0.07,5.512%,60443499.00,United Kingdom,2020,211825,Technology,Computer Software: Programming Data Processing
GDEV,GDEV Inc. Ordinary Shares,$2.15,-0.02,-0.922%,424929025.00,Cyprus,,1845,Technology,EDP Services
GDEVW,GDEV Inc. Warrant,$0.075,0.00,0.00%,14823106.00,Cyprus,,1000,Technology,EDP Services
GDRX,GoodRx Holdings Inc. Class A Common Stock,$6.60,-0.33,-4.762%,2476353739.00,United States,2020,2014281,Technology,EDP Services
GDS,GDS Holdings Limited ADS,$8.33,-0.10,-1.186%,1619332116.00,China,2016,777885,Technology,Computer Software: Programming Data Processing
GDYN,Grid Dynamics Holdings Inc. Class A Common Stock,$10.23,-0.29,-2.757%,782811692.00,United States,2018,323734,Technology,Computer Software: Prepackaged Software
GEG,Great Elm Group Inc. Common Stock,$1.89,0.03,1.613%,60244289.00,United States,,20085,Technology,Computer Software: Prepackaged Software
GEN,Gen Digital Inc. Common Stock,$23.46,3.12,15.339%,14941907779.00,United States,,13620337,Technology,Computer Software: Prepackaged Software
GFS,GlobalFoundries Inc. Ordinary Shares,$51.09,-0.51,-0.988%,28280777027.00,United States,2021,958892,Technology,Semiconductors
GIGM,GigaMedia Limited Ordinary Shares,$1.32,0.0099,0.756%,14588950.00,Taiwan,,1225,Technology,EDP Services
GILT,Gilat Satellite Networks Ltd. Ordinary Shares,$5.58,0.01,0.18%,318149760.00,Israel,,166597,Technology,Radio And Television Broadcasting And Communications Equipment
GLBE,Global-E Online Ltd. Ordinary Shares,$29.55,-0.39,-1.303%,4898619159.00,Israel,2021,1510711,Technology,Computer Software: Prepackaged Software
GMGI,Golden Matrix Group Inc. Common Stock,$5.10,0.23,4.723%,606309134.00,United States,,251119,Technology,Computer Software: Prepackaged Software
GMM,Global Mofy Metaverse Limited Ordinary Shares,$0.97,-0.0011,-0.113%,27689104.00,China,2023,122058,Technology,Computer Software: Programming Data Processing
GOOG,Alphabet Inc. Class C Capital Stock,$170.29,-1.29,-0.752%,2104443820000.00,United States,2004,18740458,Technology,Computer Software: Programming Data Processing
GOOGL,Alphabet Inc. Class A Common Stock,$168.65,-1.31,-0.771%,2084176700000.00,United States,2004,29799931,Technology,Computer Software: Programming Data Processing
GRDI,GRIID Infrastructure Inc. Common Stock,$0.732,-0.0337,-4.401%,51149165.00,United States,,27777,Technology,EDP Services
GRDIW,GRIID Infrastructure Inc. Warrant,$0.061,-0.009,-12.857%,4262430.00,United States,,5000,Technology,EDP Services
GROM,Grom Social Enterprises Inc. Common Stock,$0.531,-0.017,-3.102%,4739008.00,United States,,49826,Technology,Computer Software: Programming Data Processing
GRRR,Gorilla Technology Group Inc. Ordinary shares,$5.59,-0.29,-4.932%,48626348.00,Taiwan,,129598,Technology,Computer Software: Prepackaged Software
GRRRW,Gorilla Technology Group Inc. Warrant,$0.0785,0.00,0.00%,682857.00,Taiwan,,94326,Technology,Computer Software: Prepackaged Software
GRYP,Gryphon Digital Mining Inc Common Stock,$1.65,0.10,6.452%,64020561.00,United States,2018,375323,Technology,EDP Services
GSIT,GSI Technology Common Stock,$3.01,-0.08,-2.589%,76138091.00,United States,2007,107171,Technology,Semiconductors
GSMGW,Cheer Holding Inc. Warrant expiring 2/13/2025,$0.0047,0.00,0.00%,47329.00,China,2018,29363,Technology,EDP Services
GTLB,GitLab Inc. Class A Common Stock,$52.87,-0.04,-0.076%,8385182000.00,United States,2021,1467859,Technology,Computer Software: Prepackaged Software
GVP,GSE Systems Inc. Common Stock,$3.01,0.07,2.381%,9132758.00,United States,,29887,Technology,Computer Software: Prepackaged Software
GXAI,Gaxos.ai Inc. Common Stock,$3.58,-0.32,-8.205%,3915346.00,United States,2023,29585,Technology,Computer Software: Prepackaged Software
HCAT,Health Catalyst Inc Common Stock,$6.41,-0.26,-3.898%,375388862.00,United States,2019,1206714,Technology,Computer Software: Programming Data Processing
HCP,HashiCorp Inc. Class A Common Stock,$32.80,0.04,0.122%,6545083741.00,United States,2021,2819158,Technology,EDP Services
HCTI,Healthcare Triangle Inc. Common Stock,$1.01,-0.0911,-8.274%,4696408.00,United States,2021,85751,Technology,EDP Services
HIMX,Himax Technologies Inc. American Depositary Shares,$5.855,0.155,2.719%,1023009319.00,Taiwan,2006,1167339,Technology,Semiconductors
HKIT,Hitek Global Inc. Class A Ordinary Share,$1.31,-0.03,-2.239%,18853997.00,China,2023,29335,Technology,Computer Software: Prepackaged Software
HLIT,Harmonic Inc. Common Stock,$11.39,0.04,0.352%,1327415499.00,United States,1995,1104386,Technology,Radio And Television Broadcasting And Communications Equipment
HOLO,MicroCloud Hologram Inc. Ordinary Shares,$1.70,-0.07,-3.955%,10100047.00,United States,2021,9020218,Technology,Computer Software: Programming Data Processing
HOLOW,MicroCloud Hologram Inc. Warrant,$0.0649,0.0049,8.167%,385584.00,United States,2021,1655,Technology,Computer Software: Programming Data Processing
HRYU,Hanryu Holdings Inc. Common Stock,$0.4985,0.0123,2.53%,26325082.00,South Korea,2023,315813,Technology,Computer Software: Programming Data Processing
HTCR,Heartcore Enterprises Inc. Common Stock,$0.9162,0.0456,5.238%,19115729.00,Japan,2022,65345,Technology,EDP Services
IAC,IAC Inc. Common Stock,$55.07,-0.25,-0.452%,4741206603.00,United States,,829806,Technology,Computer Software: Programming Data Processing
IAS,Integral Ad Science Holding Corp. Common Stock,$9.53,1.15,13.723%,1529979603.00,United States,2021,5865500,Technology,Computer Software: Programming Data Processing
IBEX,IBEX Limited Common Shares,$14.55,0.74,5.358%,250470189.00,Bermuda,2020,51244,Technology,EDP Services
ICCT,iCoreConnect Inc. Common stock,$1.31,0.09,7.377%,13297486.00,United States,,110911,Technology,Computer Software: Prepackaged Software
ICG,Intchains Group Limited American Depositary Shares,$7.98,-0.04,-0.499%,478305368.00,China,2023,211,Technology,Semiconductors
ICHR,Ichor Holdings Ordinary Shares,$38.03,0.05,0.132%,1273060411.00,United States,2016,218929,Technology,Semiconductors
ICLK,iClick Interactive Asia Group Limited American Depositary Shares,$1.2399,0.0099,0.805%,12410322.00,Hong Kong,2017,33942,Technology,Computer Software: Prepackaged Software
IDAI,T Stamp Inc. Class A Common Stock,$0.80,-0.035,-4.192%,8081023.00,United States,,48889,Technology,Computer Software: Prepackaged Software
IDN,Intellicheck Inc. Common Stock,$3.08,0.15,5.119%,59766048.00,United States,1999,89117,Technology,Computer Software: Prepackaged Software
IFBD,Infobird Co. Ltd Ordinary Shares,$3.95,0.01,0.254%,5291910.00,China,2021,80622,Technology,Computer Software: Prepackaged Software
IMMR,Immersion Corporation Common Stock,$8.30,0.22,2.723%,264395147.00,United States,1999,728855,Technology,Computer peripheral equipment
IMOS,ChipMOS TECHNOLOGIES INC. American Depositary Shares,$25.74,-2.29,-8.17%,935958034.00,Taiwan,,62294,Technology,Semiconductors
INDI,indie Semiconductor Inc. Class A Common Stock,$5.76,-0.03,-0.518%,1055342984.00,United States,,7684531,Technology,Semiconductors
INOD,Innodata Inc. Common Stock,$10.78,-0.72,-6.261%,309955982.00,United States,1993,1279733,Technology,EDP Services
INSE,Inspired Entertainment Inc. Common Stock,$8.70,-0.74,-7.839%,231100292.00,United States,2014,646718,Technology,Computer Software: Prepackaged Software
INTA,Intapp Inc. Common Stock,$37.74,0.79,2.138%,2771267900.00,United States,2021,1529221,Technology,Computer Software: Prepackaged Software
INTC,Intel Corporation Common Stock,$29.85,-0.24,-0.798%,127071450000.00,United States,,42931290,Technology,Semiconductors
INTU,Intuit Inc. Common Stock,$632.31,5.45,0.869%,177033521490.00,United States,1993,917544,Technology,Computer Software: Prepackaged Software
INVE,Identiv Inc. Common Stock,$4.14,-0.32,-7.175%,96590257.00,United States,,399696,Technology,Computer peripheral equipment
IPDN,Professional Diversity Network Inc. Common Stock,$1.05,0.03,2.941%,12024608.00,United States,2013,61727,Technology,EDP Services
IPGP,IPG Photonics Corporation Common Stock,$88.26,-1.60,-1.781%,4021849067.00,United States,2006,179640,Technology,Semiconductors
IPWR,Ideal Power Inc. Common Stock,$7.50,-0.24,-3.101%,55287743.00,United States,2013,16186,Technology,Semiconductors
IREN,Iris Energy Limited Ordinary Shares,$4.79,-0.32,-6.262%,321362877.00,Australia,2021,4914691,Technology,EDP Services
ISSC,Innovative Solutions and Support Inc. Common Stock,$6.25,-0.16,-2.496%,109124894.00,United States,2000,29311,Technology,EDP Services
ISUN,iSun Inc. Common Stock,$0.1499,-0.0293,-16.35%,355148.00,United States,2016,4360035,Technology,Semiconductors
ITRN,Ituran Location and Control Ltd. Ordinary Shares,$27.57,0.13,0.474%,548466001.00,Israel,2005,32279,Technology,Electronic Components
IVAC,Intevac Inc. Common Stock,$4.15,-0.02,-0.48%,110323837.00,United States,1995,65984,Technology,Industrial Machinery/Components
IVDA,Iveda Solutions Inc. Common Stock,$0.805,0.0187,2.378%,13016762.00,United States,,79785,Technology,Computer Software: Prepackaged Software
IVDAW,Iveda Solutions Inc. Warrant,$0.1301,0.00,0.00%,2103703.00,United States,,100,Technology,Computer Software: Prepackaged Software
JAMF,Jamf Holding Corp. Common Stock,$19.51,-0.44,-2.206%,2506132116.00,United States,2020,477925,Technology,Computer Software: Prepackaged Software
JG,Aurora Mobile Limited American Depositary Shares,$2.8781,0.0141,0.492%,17212506.00,China,2018,957,Technology,Computer Software: Programming Data Processing
JKHY,Jack Henry & Associates Inc. Common Stock,$169.24,0.20,0.118%,12337600400.00,United States,1985,319815,Technology,Retail: Computer Software & Peripheral Equipment
KARO,Karooooo Ltd. Ordinary Shares,$26.77,-0.16,-0.594%,828561108.00,Singapore,2021,1885,Technology,Computer Software: Prepackaged Software
KC,Kingsoft Cloud Holdings Limited American Depositary Shares,$3.23,-0.09,-2.711%,819404659.00,China,2020,827261,Technology,Computer Software: Prepackaged Software
KE,Kimball Electronics Inc. Common Stock,$22.33,-0.25,-1.107%,555329370.00,United States,,74949,Technology,Electrical Products
KLAC,KLA Corporation Common Stock,$718.27,7.60,1.069%,96707837605.00,United States,1980,448796,Technology,Electronic Components
KLIC,Kulicke and Soffa Industries Inc. Common Stock,$48.11,0.16,0.334%,2668357741.00,Singapore,,229065,Technology,Semiconductors
KLTR,Kaltura Inc. Common Stock,$1.20,-0.04,-3.226%,176293422.00,United States,2021,70363,Technology,Computer Software: Prepackaged Software
KOPN,Kopin Corporation Common Stock,$0.7621,-0.035,-4.391%,90253981.00,United States,1992,1146569,Technology,Semiconductors
KTCC,Key Tronic Corporation Common Stock,$4.46,-0.03,-0.668%,47997945.00,United States,1983,8508,Technology,Electrical Products
KVHI,KVH Industries Inc. Common Stock,$5.01,-0.24,-4.571%,98778267.00,United States,1996,61597,Technology,Radio And Television Broadcasting And Communications Equipment
KWE,KWESST Micro Systems Inc. Common Stock,$0.7905,-0.0285,-3.48%,4744975.00,Canada,,68691,Technology,Computer Software: Prepackaged Software
KWESW,KWESST Micro Systems Inc. Warrant,$0.094,0.00,0.00%,1612912.00,Canada,,1,Technology,Computer Software: Prepackaged Software
LAES,SEALSQ Corp Ordinary Shares,$1.19,0.01,0.847%,18381700.00,Switzerland,,64814,Technology,Semiconductors
LASR,nLIGHT Inc. Common Stock,$13.41,0.05,0.374%,637849386.00,United States,2018,199916,Technology,Semiconductors
LAZR,Luminar Technologies Inc.  Class A Common Stock,$1.71,0.02,1.183%,721427500.00,United States,2019,9125973,Technology,EDP Services
LCFY,Locafy Limited Ordinary Share,$3.5643,0.1443,4.219%,4548931.00,Australia,2022,26569,Technology,Computer Software: Programming Data Processing
LCFYW,Locafy Limited Warrant,$3.03,0.00,0.00%,3867031.00,Australia,2022,2,Technology,Computer Software: Programming Data Processing
LDTC,LeddarTech Holdings Inc. Common Shares,$2.25,0.04,1.81%,64734710.00,United States,2021,3900,Technology,Computer Software: Prepackaged Software
LDTCW,LeddarTech Holdings Inc. Warrants,$0.095,-0.0049,-4.905%,2733243.00,United States,2021,703,Technology,Computer Software: Prepackaged Software
LEDS,SemiLEDS Corporation Common Stock,$1.39,-0.025,-1.767%,9973581.00,Taiwan,2010,15418,Technology,Semiconductors
LFLY,Leafly Holdings Inc. Common Stock,$1.90,-0.55,-22.449%,4372841.00,United States,2019,122855,Technology,Computer Software: Prepackaged Software
LFLYW,Leafly Holdings Inc. Warrant,$0.0322,-0.0001,-0.31%,74108.00,United States,2019,75,Technology,Computer Software: Prepackaged Software
LGCL,Lucas GC Limited Ordinary Shares,$3.66,-0.06,-1.613%,291201678.00,China,2024,355146,Technology,Computer Software: Programming Data Processing
LIFW,MSP Recovery Inc. Class A Common Stock,$0.8614,0.0018,0.209%,120567331.00,United States,2020,129121,Technology,EDP Services
LIFWW,MSP Recovery Inc. Warrant,$0.0044,-0.0001,-2.222%,615854.00,United States,,153341,Technology,EDP Services
LINK,Interlink Electronics Inc. Common Stock,$4.35,-0.09,-2.027%,42892601.00,United States,,3113,Technology,Computer peripheral equipment
LIQT,LiqTech International Inc. Common Stock,$2.92,0.12,4.286%,16957433.00,Denmark,,10606,Technology,Industrial Machinery/Components
LITE,Lumentum Holdings Inc. Common Stock,$43.79,0.18,0.413%,2960204000.00,United States,,834694,Technology,Computer peripheral equipment
LKCO,Luokung Technology Corp Ordinary Shares,$0.60,0.0087,1.471%,9849972.00,China,,14643,Technology,EDP Services
LNW,Light & Wonder Inc. Common Stock,$91.46,-0.09,-0.098%,8243996054.00,United States,,1157522,Technology,EDP Services
LOGI,Logitech International S.A. Ordinary Shares,$84.76,-0.04,-0.047%,13454608300.00,United States,1997,350745,Technology,Computer peripheral equipment
LPSN,LivePerson Inc. Common Stock,$0.5734,-0.0066,-1.138%,50522856.00,United States,2000,2721145,Technology,Computer Software: Prepackaged Software
LPTH,LightPath Technologies Inc. Class A Common Stock,$1.44,0.11,8.271%,54751684.00,United States,1996,275814,Technology,Semiconductors
LRCX,Lam Research Corporation Common Stock,$915.42,7.88,0.868%,119682926220.00,United States,1984,510042,Technology,Industrial Machinery/Components
LSCC,Lattice Semiconductor Corporation Common Stock,$69.55,-0.54,-0.77%,9566352050.00,United States,,1205025,Technology,Semiconductors
LTRY,Lottery.com Inc. Common Stock,$1.61,-0.10,-5.848%,,United States,2023,8585,Technology,Computer Software: Prepackaged Software
LTRYW,Lottery.com Inc. Warrants,$0.0149,0.0019,14.615%,,United States,2023,12625,Technology,Computer Software: Prepackaged Software
LYT,Lytus Technologies Holdings PTV. Ltd. Common Shares,$3.20,-0.09,-2.736%,2140077.00,United Arab Emirates,2022,26640,Technology,EDP Services
LZ,LegalZoom.com Inc. Common Stock,$9.98,0.48,5.053%,1878194373.00,United States,2021,3802385,Technology,EDP Services
MANH,Manhattan Associates Inc. Common Stock,$217.73,0.50,0.23%,13405610626.00,United States,1998,292619,Technology,Computer Software: Prepackaged Software
MAPS,WM Technology Inc. Class A Common Stock ,$1.14,-0.05,-4.202%,170278940.00,United States,2019,277446,Technology,Computer Software: Prepackaged Software
MARA,Marathon Digital Holdings Inc. Common Stock,$17.16,-2.49,-12.672%,4683927791.00,United States,,56095686,Technology,EDP Services
MAXN,Maxeon Solar Technologies Ltd. Ordinary Shares,$2.17,-0.16,-6.867%,113989688.00,Singapore,,1133221,Technology,Semiconductors
MBLY,Mobileye Global Inc. Class A Common Stock,$27.13,-0.91,-3.245%,2574676610.00,Israel,2022,2071175,Technology,Computer Software: Prepackaged Software
MCHP,Microchip Technology Incorporated Common Stock,$91.50,0.02,0.022%,49445497334.00,United States,1993,3046703,Technology,Semiconductors
MDB,MongoDB Inc. Class A Common Stock,$353.47,-1.22,-0.344%,25743611745.00,United States,2017,513042,Technology,Computer Software: Prepackaged Software
META,Meta Platforms Inc. Class A Common Stock,$476.20,0.78,0.164%,1207897581754.00,United States,2012,10749999,Technology,Computer Software: Programming Data Processing
MFI,mF International Limited Ordinary Shares,$1.22,0.01,0.826%,18200367.00,Hong Kong,2024,438339,Technology,EDP Services
MGIC,Magic Software Enterprises Ltd. Ordinary Shares,$12.40,-0.03,-0.241%,608716000.00,Israel,1991,22865,Technology,Computer Software: Prepackaged Software
MGNI,Magnite Inc. Common Stock,$9.05,-0.18,-1.95%,1267214096.00,United States,,1826667,Technology,Computer Software: Programming Data Processing
MITK,Mitek Systems Inc. Common Stock,$13.37,-0.01,-0.075%,625590469.00,United States,,447782,Technology,Computer peripheral equipment
MKTW,MarketWise Inc. Class A Common Stock,$1.53,0.03,2.00%,504178275.00,United States,,68023,Technology,Computer Software: Prepackaged Software
MLGO,MicroAlgo Inc. Ordinary Shares,$2.26,-0.22,-8.871%,17209324.00,United States,2021,259376,Technology,EDP Services
MMAT,Meta Materials Inc. Common Stock,$2.05,-0.04,-1.914%,12930752.00,United States,,107293,Technology,Semiconductors
MMV,MultiMetaVerse Holdings Limited Class A Ordinary Share,$0.528,-0.022,-4.00%,17449827.00,Hong Kong,2021,10941,Technology,Computer Software: Prepackaged Software
MMVWW,MultiMetaVerse Holdings Limited Warrant,$0.0284,0.0052,22.414%,938589.00,Hong Kong,2021,19263,Technology,Computer Software: Prepackaged Software
MNDO,MIND C.T.I. Ltd. Ordinary Shares,$1.89,-0.025,-1.305%,38035921.00,Israel,,38936,Technology,EDP Services
MNDR,Mobile-health Network Solutions Class A Ordinary Shares,$2.47,0.18,7.86%,83980000.00,Singapore,2024,2228009,Technology,Computer Software: Prepackaged Software
MNDY,monday.com Ltd. Ordinary Shares,$181.76,0.76,0.42%,8892408609.00,Israel,2021,1622728,Technology,Computer Software: Prepackaged Software
MNTX,Manitex International Inc. Common Stock,$6.47,-0.20,-2.999%,131755294.00,United States,,76575,Technology,Industrial Machinery/Components
MOBX,Mobix Labs Inc. Class A Common Stock,$2.96,0.10,3.497%,76392038.00,United States,2021,82779,Technology,Semiconductors
MOBXW,Mobix Labs Inc Warrants,$0.2099,-0.0101,-4.591%,5417125.00,United States,2021,2943,Technology,Semiconductors
MOMO,Hello Group Inc. American Depositary Shares,$6.05,-0.03,-0.493%,1134632706.00,China,2014,841807,Technology,Computer Software: Prepackaged Software
MPWR,Monolithic Power Systems Inc. Common Stock,$702.54,-5.48,-0.774%,34194026880.00,United States,2004,432029,Technology,Semiconductors
MQ,Marqeta Inc. Class A Common Stock,$5.51,-0.39,-6.61%,2854797715.00,United States,2021,5622351,Technology,Computer Software: Prepackaged Software
MRAM,Everspin Technologies Inc. Common Stock,$6.03,-0.16,-2.585%,129772565.00,United States,2016,143848,Technology,Semiconductors
MRCY,Mercury Systems Inc Common Stock,$27.99,-0.84,-2.914%,1661094484.00,United States,1998,608526,Technology,Electrical Products
MRIN,Marin Software Incorporated Common Stock,$2.55,-0.08,-3.042%,7921221.00,United States,,71504,Technology,EDP Services
MRVL,Marvell Technology Inc. Common Stock,$68.47,0.79,1.167%,59295020000.00,United States,2000,8484140,Technology,Semiconductors
MSAI,MultiSensor AI Holdings Inc. Common Stock,$2.53,0.02,0.797%,30250762.00,United States,2021,10167,Technology,Electronic Components
MSAIW,MultiSensor AI Holdings Inc. Warrant,$0.057,-0.0128,-18.338%,681539.00,United States,2021,2050,Technology,Electronic Components
MSFT,Microsoft Corporation Common Stock,$414.74,2.42,0.587%,3082474505004.00,United States,1986,13402281,Technology,Computer Software: Prepackaged Software
MSGM,Motorsport Games Inc. Class A Common Stock,$2.70,-0.22,-7.534%,9241366.00,United States,2021,67547,Technology,Computer Software: Prepackaged Software
MSTR,MicroStrategy Incorporated Common Stock Class A,$1180.48,-83.16,-6.581%,20938682547.00,United States,1998,1403844,Technology,Computer Software: Prepackaged Software
MTC,MMTec Inc. Common Shares,$3.70,0.34,10.119%,736836652.00,China,2019,461893,Technology,Computer Software: Prepackaged Software
MTCH,Match Group Inc. Common Stock,$30.69,0.11,0.36%,8153354449.00,United States,,4684404,Technology,Computer Software: Programming Data Processing
MTLS,Materialise NV American Depositary Shares,$5.13,-0.07,-1.346%,303014664.00,Belgium,2014,36960,Technology,Computer Software: Prepackaged Software
MTSI,MACOM Technology Solutions Holdings Inc. Common Stock,$101.94,0.55,0.542%,7350544459.00,United States,2012,607664,Technology,Semiconductors
MTTR,Matterport Inc. Class A Common Stock,$4.42,-0.07,-1.559%,1390169370.00,United States,2021,2053916,Technology,Computer Software: Prepackaged Software
MU,Micron Technology Inc. Common Stock,$121.24,3.43,2.911%,134257309656.00,United States,,13922427,Technology,Semiconductors
MVIS,MicroVision Inc. Common Stock,$1.215,-0.405,-25.00%,237249873.00,United States,1996,6924789,Technology,Industrial Machinery/Components
MXL,MaxLinear Inc. Common Stock,$18.52,-0.84,-4.339%,1539531245.00,United States,2010,580377,Technology,Semiconductors
MYPS,PLAYSTUDIOS Inc.  Class A Common Stock,$2.29,-0.15,-6.148%,308701320.00,United States,2020,200816,Technology,Computer Software: Prepackaged Software
MYPSW,PLAYSTUDIOS Inc. Warrant,$0.0555,-0.0166,-23.024%,7481626.00,United States,2020,6455,Technology,Computer Software: Prepackaged Software
MYSZ,My Size Inc. Common Stock,$4.1702,-0.1498,-3.468%,2654161.00,Israel,,57065,Technology,Retail: Computer Software & Peripheral Equipment
NA,Nano Labs Ltd Class A Ordinary Shares,$0.6099,0.0289,4.974%,40150593.00,China,2022,104702,Technology,Semiconductors
NCNO,nCino Inc. Common Stock,$31.11,0.30,0.974%,3553277648.00,United States,2020,432046,Technology,Computer Software: Prepackaged Software
NEON,Neonode Inc. Common Stock,$2.685,0.075,2.874%,41240206.00,Sweden,,71130,Technology,Industrial Machinery/Components
NEXN,Nexxen International Ltd. American Depository Shares,$5.75,0.05,0.877%,420215779.00,Israel,2021,76417,Technology,Computer Software: Programming Data Processing
NICE,NICE Ltd American Depositary Shares,$225.15,2.30,1.032%,14155331125.00,Israel,,460923,Technology,Computer Manufacturing
NNDM,Nano Dimension Ltd. American Depositary Shares,$2.35,-0.05,-2.083%,560701881.00,Israel,,708912,Technology,Electrical Products
NRDS,NerdWallet Inc. Class A Common Stock,$13.77,-0.34,-2.41%,1070450966.00,United States,2021,168072,Technology,EDP Services
NSYS,Nortech Systems Incorporated Common Stock,$16.00,-0.26,-1.599%,43842848.00,United States,,12590,Technology,Industrial Machinery/Components
NTAP,NetApp Inc. Common Stock,$108.50,0.32,0.296%,2239186761.00,United States,1995,1703412,Technology,Electronic Components
NTCT,NetScout Systems Inc. Common Stock,$20.32,-0.18,-0.878%,1443432277.00,United States,1999,477648,Technology,EDP Services
NTES,NetEase Inc. American Depositary Shares,$98.53,0.04,0.041%,63271692557.00,China,,772647,Technology,Computer Software: Prepackaged Software
NTNX,Nutanix Inc. Class A Common Stock,$67.58,0.00,0.00%,16511765038.00,United States,2016,1794322,Technology,EDP Services
NTRP,NextTrip Inc. Common Stock,$2.41,0.01,0.417%,2256796.00,United States,,10932,Technology,EDP Services
NTWK,NetSol Technologies Inc. Common  Stock,$2.50,-0.09,-3.475%,28477220.00,United States,,15171,Technology,Computer Software: Prepackaged Software
NVDA,NVIDIA Corporation Common Stock,$898.78,11.31,1.274%,2246950000000.00,United States,1999,33532541,Technology,Semiconductors
NVEC,NVE Corporation Common Stock,$75.70,-0.76,-0.994%,365909273.00,United States,,19471,Technology,Semiconductors
NVMI,Nova Ltd. Ordinary Shares,$193.50,0.36,0.186%,5614177460.00,Israel,2000,165058,Technology,Electronic Components
NVNI,Nvni Group Limited Ordinary Shares,$1.41,0.00,0.00%,40038275.00,Cayman Islands,,1078,Technology,Computer Software: Prepackaged Software
NVTS,Navitas Semiconductor Corporation Common Stock,$4.10,-0.59,-12.58%,734938046.00,United States,,5576327,Technology,Semiconductors
NXPI,NXP Semiconductors N.V. Common Stock,$261.73,0.93,0.357%,66920116001.00,Netherlands,2010,1072539,Technology,Semiconductors
NXTT,Next Technology Holding Inc. Ordinary Shares,$4.25,0.18,4.423%,11156803.00,China,,457,Technology,EDP Services
NYAX,Nayax Ltd. Ordinary Shares,$28.49,-0.51,-1.759%,949478709.00,Israel,,1177,Technology,Computer Software: Prepackaged Software
OB,Outbrain Inc. Common Stock,$4.50,-0.05,-1.099%,219792434.00,United States,2021,151524,Technology,Computer Software: Programming Data Processing
OBLG,Oblong Inc. Common Stock,$0.1109,-0.0022,-1.945%,2249792.00,United States,,313974,Technology,Computer Software: Programming Data Processing
OKTA,Okta Inc. Class A Common Stock,$97.42,-0.70,-0.713%,16307831619.00,United States,2017,1227915,Technology,Computer Software: Prepackaged Software
OLED,Universal Display Corporation Common Stock,$171.08,-2.68,-1.542%,8115947607.00,United States,,427553,Technology,Electrical Products
OMCL,Omnicell Inc. Common Stock ($0.001 par value),$30.12,-0.13,-0.43%,1383215579.00,United States,2001,537091,Technology,Computer Manufacturing
ON,ON Semiconductor Corporation Common Stock,$70.46,-0.80,-1.123%,30314138899.00,United States,,3669913,Technology,Semiconductors
ONDS,Ondas Holdings Inc. Common Stock,$0.7997,-0.0184,-2.249%,52460320.00,United States,,168370,Technology,Radio And Television Broadcasting And Communications Equipment
ONFO,Onfolio Holdings Inc. Common Stock,$0.59,0.0036,0.614%,3013363.00,United States,2022,732627,Technology,EDP Services
ONFOW,Onfolio Holdings Inc. Warrant,$0.0691,0.00,0.00%,352921.00,United States,2022,1000,Technology,EDP Services
OPRA,Opera Limited American Depositary Shares,$13.77,-0.30,-2.132%,1205126771.00,Norway,2018,527824,Technology,Computer Software: Prepackaged Software
OPTX,Syntec Optics Holdings Inc. Class A Common Stock,$3.05,0.02,0.66%,111899211.00,United States,2022,12367,Technology,Electronic Components
OPTXW,Syntec Optics Holdings Inc. Warrant,$0.1799,-0.0001,-0.056%,6600219.00,United States,2022,8628,Technology,Electronic Components
OPXS,Optex Systems Holdings Inc. Common Stock,$7.775,-0.1751,-2.202%,,United States,,31002,Technology,Electronic Components
OSIS,OSI Systems Inc. Common Stock (DE),$135.99,0.47,0.347%,2318453257.00,United States,1997,80264,Technology,Industrial Machinery/Components
OSPN,OneSpan Inc. Common Stock,$12.01,-0.46,-3.689%,454524563.00,United States,,789605,Technology,EDP Services
OSS,One Stop Systems Inc. Common Stock,$2.665,-0.285,-9.661%,55166659.00,United States,2018,63054,Technology,Computer Manufacturing
OST,Ostin Technology Group Co. Ltd. Ordinary Shares,$0.415,-0.0061,-1.449%,5812594.00,China,2022,4813,Technology,Industrial Machinery/Components
OTEX,Open Text Corporation Common Shares,$30.35,0.22,0.73%,8256551941.00,Canada,1996,810191,Technology,EDP Services
PALT,Paltalk Inc. Common Stock,$3.10,-0.14,-4.321%,28588687.00,United States,,21833,Technology,EDP Services
PANW,Palo Alto Networks Inc. Common Stock,$297.47,1.80,0.609%,96112557000.00,United States,,2139051,Technology,Computer peripheral equipment
PCTY,Paylocity Holding Corporation Common Stock,$163.62,-0.17,-0.104%,9233281616.00,United States,2014,617776,Technology,Computer Software: Prepackaged Software
PDFS,PDF Solutions Inc. Common Stock,$34.29,1.48,4.511%,1316861673.00,United States,2001,343578,Technology,Computer Software: Prepackaged Software
PEGA,Pegasystems Inc. Common Stock,$61.46,0.43,0.705%,5226015401.00,United States,1996,275944,Technology,EDP Services
PERI,Perion Network Ltd. Ordinary Shares,$11.81,-0.41,-3.355%,566777773.00,Israel,2006,774951,Technology,EDP Services
PHUN,Phunware Inc. Common Stock,$6.75,-0.66,-8.907%,54182804.00,Greece,2016,516673,Technology,EDP Services
PI,Impinj Inc. Common Stock,$160.27,1.78,1.123%,4441554977.00,United States,2016,335696,Technology,Industrial Machinery/Components
PLAB,Photronics Inc. Common Stock,$28.92,-0.41,-1.398%,1832189409.00,United States,1987,204750,Technology,Semiconductors
PLTK,Playtika Holding Corp. Common Stock,$8.58,-0.29,-3.269%,3184279270.00,Israel,2021,1266999,Technology,EDP Services
PLUS,ePlus inc. Common Stock,$79.86,0.10,0.125%,2152618793.00,United States,1996,91970,Technology,Retail: Computer Software & Peripheral Equipment
PLXS,Plexus Corp. Common Stock,$107.95,0.52,0.484%,2956511175.00,United States,,76043,Technology,Electrical Products
PODC,PodcastOne Inc. Common Stock,$1.87,0.09,5.056%,43290754.00,United States,,38798,Technology,Computer Software: Programming Data Processing
POET,POET Technologies Inc. Common Shares,$2.23,0.08,3.721%,113383286.00,Canada,,799948,Technology,Semiconductors
POWI,Power Integrations Inc. Common Stock,$75.41,-1.93,-2.495%,4280565473.00,United States,1997,620907,Technology,Semiconductors
PRCH,Porch Group Inc. Common Stock,$3.11,-0.28,-8.26%,308470845.00,United States,2020,1067372,Technology,Computer Software: Prepackaged Software
PRFT,Perficient Inc. Common Stock,$73.60,0.02,0.027%,2587505078.00,United States,1999,654519,Technology,EDP Services
PRGS,Progress Software Corporation Common Stock (DE),$50.95,0.13,0.256%,2201961482.00,United States,1991,703654,Technology,Computer Software: Prepackaged Software
PRSO,Peraso Inc. Common Stock,$1.44,0.07,5.109%,3112070.00,United States,,76125,Technology,Semiconductors
PRST,Presto Automation Inc. Common Stock,$0.166,-0.0026,-1.542%,13411467.00,United States,2021,321719,Technology,Computer Software: Prepackaged Software
PRSTW,Presto Automation Inc. Warrant,$0.0177,0.0017,10.625%,1430018.00,United States,2021,200968,Technology,Computer Software: Prepackaged Software
PT,Pintec Technology Holdings Limited American Depositary Shares,$1.07,0.02,1.905%,17064318.00,China,2018,161295,Technology,Computer Software: Programming Data Processing
PTC,PTC Inc. Common Stock,$180.00,0.00,0.00%,21553966800.00,United States,,629877,Technology,Computer Software: Prepackaged Software
PUBM,PubMatic Inc. Class A Common Stock,$22.49,0.02,0.089%,1122948437.00,United States,2020,446687,Technology,Computer Software: Programming Data Processing
PXLW,Pixelworks Inc.  Common Stock,$1.81,-0.05,-2.688%,104612340.00,United States,2000,328256,Technology,Semiconductors
PYCR,Paycor HCM Inc. Common Stock,$14.50,-0.26,-1.762%,2584046914.00,United States,2021,1769797,Technology,Computer Software: Prepackaged Software
QCOM,QUALCOMM Incorporated Common Stock,$182.08,1.54,0.853%,203201280000.00,United States,1991,4702542,Technology,Radio And Television Broadcasting And Communications Equipment
QLYS,Qualys Inc. Common Stock,$150.31,-1.56,-1.027%,5552340471.00,United States,2012,380270,Technology,EDP Services
QMCO,Quantum Corporation Common Stock,$0.545,0.0285,5.518%,51797131.00,United States,,88959,Technology,Electronic Components
QRVO,Qorvo Inc. Common Stock,$97.69,0.67,0.691%,9431818862.00,United States,,816275,Technology,Semiconductors
QUBT,Quantum Computing Inc. Common Stock,$0.7476,-0.0123,-1.619%,68298972.00,United States,,893020,Technology,Computer Software: Prepackaged Software
QUIK,QuickLogic Corporation Common Stock,$12.48,-0.15,-1.188%,179428567.00,United States,1999,234936,Technology,Semiconductors
RBBN,Ribbon Communications Inc. Common Stock,$3.16,-0.07,-2.167%,544979051.00,United States,,154851,Technology,EDP Services
RCAT,Red Cat Holdings Inc. Common Stock,$1.17,-0.03,-2.50%,86909378.00,United States,,345683,Technology,Computer Software: Prepackaged Software
RCRT,Recruiter.com Group Inc. Common Stock,$1.56,0.16,11.429%,2281609.00,United States,,9906,Technology,EDP Services
RCRTW,Recruiter.com Group Inc. Warrant,$0.0051,-0.0004,-7.273%,7459.00,United States,,4992,Technology,EDP Services
RDCM,Radcom Ltd. Ordinary Shares,$9.25,0.19,2.097%,141596521.00,Israel,1997,10605,Technology,Computer peripheral equipment
RDVT,Red Violet Inc. Common Stock ,$20.37,-0.33,-1.594%,279691161.00,United States,,47320,Technology,Computer Software: Prepackaged Software
REFR,Research Frontiers Incorporated Common Stock,$2.07,0.07,3.50%,69364224.00,United States,,127617,Technology,Industrial Machinery/Components
RELL,Richardson Electronics Ltd. Common Stock,$10.39,-0.39,-3.618%,148353002.00,United States,1983,78095,Technology,Electronic Components
RFIL,RF Industries Ltd. Common Stock,$2.95,-0.06,-1.993%,30961867.00,United States,,6690,Technology,Electrical Products
RGTI,Rigetti Computing Inc. Common Stock,$1.16,-0.12,-9.375%,199426383.00,United States,,3728966,Technology,EDP Services
RGTIW,Rigetti Computing Inc. Warrants,$0.1901,0.0089,4.912%,32681858.00,United States,,6802,Technology,EDP Services
RMBL,RumbleOn Inc. Class B Common Stock,$5.79,-0.38,-6.159%,204139420.00,United States,,124896,Technology,EDP Services
RMBS,Rambus Inc. Common Stock,$56.70,0.78,1.395%,6111168185.00,United States,1997,867802,Technology,Semiconductors
RPAY,Repay Holdings Corporation Class A Common Stock,$10.33,-0.25,-2.363%,989469804.00,United States,2018,775487,Technology,EDP Services
RPD,Rapid7 Inc. Common Stock,$37.85,-0.09,-0.237%,2358984104.00,United States,2015,1434402,Technology,Computer Software: Prepackaged Software
RUM,Rumble Inc. Class A Common Stock,$6.77,-0.12,-1.742%,2613644486.00,United States,2021,917634,Technology,Computer Software: Programming Data Processing
RUMBW,Rumble Inc. Warrant,$1.7799,0.0299,1.709%,687153002.00,United States,2021,19215,Technology,Computer Software: Programming Data Processing
RVYL,Ryvyl Inc. Common Stock,$1.39,-0.04,-2.797%,8334401.00,United States,,28671,Technology,EDP Services
RXT,Rackspace Technology Inc. Common Stock,$1.97,0.01,0.51%,432918238.00,United States,2020,3072130,Technology,Computer Software: Programming Data Processing
SABR,Sabre Corporation Common Stock,$2.85,0.05,1.786%,1088507240.00,United States,2014,3691227,Technology,Computer Software: Programming Data Processing
SAI,SAI.TECH Global Corporation Class A Ordinary Shares,$1.0859,0.2149,24.673%,15651401.00,Singapore,2021,101973,Technology,EDP Services
SAIC,Science Applications International Corporation Common Stock,$135.09,-0.66,-0.486%,6977181951.00,United States,,194505,Technology,EDP Services
SAITW,SAI.TECH Global Corporation Warrant,$0.056,0.00,0.00%,807145.00,Singapore,2021,56,Technology,EDP Services
SANM,Sanmina Corporation Common Stock,$64.93,-0.11,-0.169%,3600602118.00,United States,1993,244182,Technology,Electrical Products
SATL,Satellogic Inc. Class A Ordinary Shares,$1.47,-0.08,-5.161%,132746858.00,Uruguay,,25260,Technology,Radio And Television Broadcasting And Communications Equipment
SBET,SharpLink Gaming Inc. Common Stock,$1.03,0.0649,6.725%,2949646.00,Israel,,2871,Technology,Computer Software: Prepackaged Software
SCKT,Socket Mobile Inc. Common Stock,$1.28,0.02,1.587%,9660579.00,United States,,67700,Technology,Computer Manufacturing
SCSC,ScanSource Inc. Common Stock,$47.33,-0.05,-0.106%,1169486625.00,United States,,281686,Technology,Retail: Computer Software & Peripheral Equipment
SCWX,SecureWorks Corp. Class A Common Stock,$6.37,-0.30,-4.498%,562388196.00,United States,2016,82551,Technology,Computer Software: Prepackaged Software
SDIG,Stronghold Digital Mining Inc. Class A Common Stock,$2.83,-0.28,-9.003%,43500360.00,United States,2021,277081,Technology,EDP Services
SEDG,SolarEdge Technologies Inc. Common Stock,$49.47,-3.20,-6.076%,2826024358.00,Israel,2015,3964846,Technology,Semiconductors
SELX,Semilux International Ltd. Ordinary Shares,$1.9539,-0.0561,-2.791%,122729697.00,Taiwan,,59993,Technology,Semiconductors
SGH,SMART Global Holdings Inc. Ordinary Shares,$18.96,0.40,2.155%,991552011.00,United States,2017,622524,Technology,Semiconductors
SGMA,SigmaTron International Inc. Common Stock,$4.81,0.11,2.34%,29313525.00,United States,1994,30468,Technology,Electrical Products
SHLS,Shoals Technologies Group Inc. Class A Common Stock,$6.94,-0.735,-9.577%,1182716944.00,United States,2021,11239450,Technology,Semiconductors
SIFY,Sify Technologies Limited American Depositary Shares,$1.22,0.0299,2.512%,223665601.00,India,,104308,Technology,Computer Software: Programming Data Processing
SIMO,Silicon Motion Technology Corporation American Depositary Shares,$76.21,-0.69,-0.897%,2566876260.00,Taiwan,2005,472287,Technology,Semiconductors
SITM,SiTime Corporation Common Stock,$123.15,-1.19,-0.957%,2816630151.00,United States,2019,339043,Technology,Semiconductors
SJ,Scienjoy Holding Corporation Class A Ordinary Shares ,$0.9573,-0.0027,-0.281%,39672451.00,China,2019,41306,Technology,EDP Services
SKYT,SkyWater Technology Inc. Common Stock,$7.64,0.99,14.887%,361220774.00,United States,2021,1321776,Technology,Semiconductors
SLAB,Silicon Laboratories Inc. Common Stock,$124.60,-3.36,-2.626%,3977782234.00,United States,2000,172882,Technology,Semiconductors
SLP,Simulations Plus Inc. Common Stock,$48.34,0.00,0.00%,966072241.00,United States,,50496,Technology,EDP Services
SMCI,Super Micro Computer Inc. Common Stock,$798.50,-1.20,-0.15%,46757386810.00,United States,2020,3791338,Technology,Computer Manufacturing
SMSI,Smith Micro Software Inc. Common Stock,$2.60,0.26,11.111%,24964113.00,United States,1995,225221,Technology,Computer Software: Prepackaged Software
SMTC,Semtech Corporation Common Stock,$39.59,0.59,1.513%,2556056336.00,United States,,1098654,Technology,Semiconductors
SMX,SMX (Security Matters) Public Limited Company Class A Ordinary Shares,$0.1369,-0.0138,-9.157%,5247985.00,Ireland,,1006596,Technology,Industrial Machinery/Components
SNAL,Snail Inc. Class A Common Stock,$0.9721,-0.0779,-7.419%,35730560.00,United States,2022,873,Technology,Computer Software: Prepackaged Software
SNCR,Synchronoss Technologies Inc. Common Stock,$7.96,-1.19,-13.005%,85905721.00,United States,2018,97339,Technology,EDP Services
SNPO,Snap One Holdings Corp. Common Stock,$10.61,-0.01,-0.094%,812043183.00,United States,2021,433193,Technology,Electrical Products
SNPS,Synopsys Inc. Common Stock,$556.71,6.83,1.242%,84922597660.00,United States,1992,587939,Technology,Computer Software: Prepackaged Software
SOGP,Sound Group Inc. American Depositary Shares,$2.63,0.02,0.766%,13629959.00,China,2020,20431,Technology,Computer Software: Programming Data Processing
SOHU,Sohu.com Limited American Depositary Shares,$11.68,0.05,0.43%,386008629.00,China,,17946,Technology,EDP Services
SOTK,Sono-Tek Corporation Common Stock,$4.8899,0.0499,1.031%,76992483.00,United States,,1948,Technology,Industrial Machinery/Components
SOUN,SoundHound AI Inc Class A Common Stock,$5.09,0.34,7.158%,1390737402.00,United States,,88336424,Technology,Computer Software: Prepackaged Software
SOUNW,SoundHound AI Inc. Warrant,$2.46,0.17,7.424%,672144206.00,United States,2021,229154,Technology,Computer Software: Prepackaged Software
SPCB,SuperCom Ltd. Ordinary Shares (Israel),$0.1956,-0.0039,-1.955%,2599725.00,Israel,,843509,Technology,Semiconductors
SPI,SPI Energy Co. Ltd. Ordinary Shares,$0.5168,0.0011,0.213%,16332487.00,China,,27352,Technology,Semiconductors
SPNS,Sapiens International Corporation N.V. Common Shares (Cayman Islands),$33.26,-0.90,-2.635%,1853687363.00,Curacao,1992,182581,Technology,Computer Software: Prepackaged Software
SPSC,SPS Commerce Inc. Common Stock,$192.45,-1.07,-0.553%,7126899814.00,United States,2010,164396,Technology,EDP Services
SPT,Sprout Social Inc Class A Common Stock,$28.21,-0.28,-0.983%,1594937262.00,United States,2019,1612377,Technology,Computer Software: Prepackaged Software
SPWR,SunPower Corporation Common Stock,$2.30,-0.07,-2.954%,403330502.00,United States,2005,3425106,Technology,Semiconductors
SRAD,Sportradar Group AG Class A Ordinary Shares,$9.26,-0.15,-1.594%,10292164974.00,Switzerland,2021,392755,Technology,Computer Software: Programming Data Processing
SSNC,SS&C Technologies Holdings Inc. Common Stock,$62.96,-0.46,-0.725%,15571473520.00,United States,2010,885597,Technology,Computer Software: Prepackaged Software
SSNT,SilverSun Technologies Inc. Common Stock,$14.35,-0.51,-3.432%,76278587.00,United States,,17714,Technology,EDP Services
SSTI,SoundThinking Inc. Common Stock,$13.89,-0.44,-3.07%,177609208.00,United States,2017,33770,Technology,Computer Software: Prepackaged Software
SSYS,Stratasys Ltd. Ordinary Shares (Israel),$9.47,0.00,0.00%,659643021.00,United States,1994,399965,Technology,Computer peripheral equipment
STER,Sterling Check Corp. Common Stock,$15.27,-0.09,-0.586%,1492663618.00,United States,2021,338388,Technology,EDP Services
STNE,StoneCo Ltd. Class A Common Shares,$16.60,-0.10,-0.599%,5128339243.00,Brazil,2018,2667478,Technology,EDP Services
STRM,Streamline Health Solutions Inc. Common Stock,$0.3337,-0.0019,-0.566%,21811477.00,United States,,27176,Technology,EDP Services
STX,Seagate Technology Holdings PLC Ordinary Shares (Ireland),$94.01,2.34,2.553%,19741022833.00,Ireland,2002,2789088,Technology,Electronic Components
SVRE,SaverOne 2014 Ltd. American Depositary Shares,$0.6438,0.0283,4.598%,8959022.00,Israel,2022,67599,Technology,EDP Services
SWKS,Skyworks Solutions Inc. Common Stock,$92.20,-0.05,-0.054%,14793176704.00,United States,,1772706,Technology,Semiconductors
SY,So-Young International Inc. American Depository Shares,$1.32,0.00,0.00%,129424900.00,China,2019,59315,Technology,EDP Services
SYNA,Synaptics Incorporated Common Stock $0.001 Par Value,$88.94,-2.72,-2.967%,3512911030.00,United States,2002,846873,Technology,Semiconductors
TACT,TransAct Technologies Incorporated Common Stock,$3.84,0.05,1.319%,38264348.00,United States,1996,41959,Technology,Computer peripheral equipment
TAIT,Taitron Components Incorporated Class A Common Stock,$3.1799,0.0099,0.312%,19146750.00,United States,1995,32106,Technology,Electronic Components
TAOP,Taoping Inc. Ordinary Shares ,$0.885,-0.0932,-9.528%,2559262.00,Hong Kong,,788584,Technology,Computer Software: Prepackaged Software
TASK,TaskUs Inc. Class A Common Stock,$13.60,0.28,2.102%,1205870547.00,United States,2021,411398,Technology,EDP Services
TBLA,Taboola.com Ltd. Ordinary Shares,$4.40,-0.155,-3.403%,1478103827.00,Israel,,1374495,Technology,Computer Software: Programming Data Processing
TBLAW,Taboola.com Ltd. Warrant,$0.2499,-0.1351,-35.091%,83949579.00,Israel,,82710,Technology,Computer Software: Programming Data Processing
TBRG,TruBridge Inc. Common Stock,$8.77,0.36,4.281%,127233196.00,United States,2002,416155,Technology,EDP Services
TCX,Tucows Inc. Class A Common Stock,$18.115,-1.335,-6.864%,196779350.00,Canada,,75685,Technology,EDP Services
TEAM,Atlassian Corporation Class A Common Stock,$179.75,-0.10,-0.056%,46788593002.00,Australia,2015,835330,Technology,Computer Software: Prepackaged Software
TENB,Tenable Holdings Inc. Common Stock,$44.75,-0.57,-1.258%,5319335393.00,United States,2018,441928,Technology,EDP Services
TGAN,Transphorm Inc. Common Stock,$4.88,-0.01,-0.204%,308738958.00,United States,,164130,Technology,Semiconductors
TLS,Telos Corporation Common Stock,$3.42,0.04,1.183%,240493100.00,United States,2020,1244643,Technology,EDP Services
TRIP,TripAdvisor Inc. Common Stock,$18.18,-0.13,-0.71%,2532107255.00,United States,,4499506,Technology,Computer Software: Programming Data Processing
TRNR,Interactive Strength Inc. Common Stock,$0.16,0.0024,1.523%,3126261.00,United States,2023,158254,Technology,Consumer Electronics/Appliances
TROO,TROOPS Inc. Ordinary Shares ,$1.00,-0.02,-1.961%,101597998.00,China,,10532,Technology,Radio And Television Broadcasting And Communications Equipment
TRUE,TrueCar Inc. Common Stock,$2.79,-0.09,-3.125%,255754111.00,United States,2014,123384,Technology,Computer Software: Programming Data Processing
TRVG,trivago N.V. American Depositary Shares,$2.13,-0.13,-5.752%,148416766.00,Germany,2016,85732,Technology,EDP Services
TSEM,Tower Semiconductor Ltd. Ordinary Shares,$36.71,0.27,0.741%,4039935500.00,Israel,1994,498869,Technology,Semiconductors
TSRI,TSR Inc. Common Stock,$7.71,-0.04,-0.516%,16727200.00,United States,,2130,Technology,EDP Services
TTD,The Trade Desk Inc. Class A Common Stock,$87.26,-1.41,-1.59%,42664627873.00,United States,2016,4294703,Technology,Computer Software: Programming Data Processing
TTEC,TTEC Holdings Inc. Common Stock,$7.27,0.125,1.749%,345740590.00,United States,1996,459874,Technology,Retail: Computer Software & Peripheral Equipment
TTMI,TTM Technologies Inc. Common Stock,$18.37,0.54,3.029%,1869628647.00,United States,2000,1066321,Technology,Electrical Products
TTWO,Take-Two Interactive Software Inc. Common Stock,$145.88,0.20,0.137%,24885145637.00,United States,1997,1284771,Technology,Computer Software: Prepackaged Software
TWKS,Thoughtworks Holding Inc. Common Stock,$2.91,-0.06,-2.02%,939679210.00,United States,2021,695852,Technology,EDP Services
TWOU,2U Inc. Common Stock,$0.3102,-0.0555,-15.176%,26106316.00,United States,2014,1840394,Technology,Computer Software: Prepackaged Software
TXN,Texas Instruments Incorporated Common Stock,$187.05,1.73,0.934%,170305685409.00,United States,,5606758,Technology,Semiconductors
TYGO,Tigo Energy Inc. Common Stock,$1.08,-0.02,-1.818%,64464717.00,United States,2021,18230,Technology,Semiconductors
UBXG,U-BX Technology Ltd. Ordinary Shares,$5.1766,0.1766,3.532%,139768200.00,China,2024,7955,Technology,Computer Software: Programming Data Processing
UCTT,Ultra Clean Holdings Inc. Common Stock,$44.16,-0.42,-0.942%,1983046001.00,United States,2004,203337,Technology,Semiconductors
ULY,Urgent.ly Inc. Common Stock,$2.37,0.06,2.597%,31791618.00,United States,,27343,Technology,EDP Services
UPLD,Upland Software Inc. Common Stock,$2.80,-0.17,-5.724%,77260117.00,United States,2014,426252,Technology,Computer Software: Prepackaged Software
UPWK,Upwork Inc. Common Stock,$11.92,-0.18,-1.488%,1586770672.00,United States,2018,1505196,Technology,EDP Services
VECO,Veeco Instruments Inc. Common Stock,$38.01,-0.06,-0.158%,2152797533.00,United States,1994,533723,Technology,Semiconductors
VERB,Verb Technology Company Inc. Common Stock,$0.1319,-0.0081,-5.786%,10459774.00,United States,,4598239,Technology,EDP Services
VERI,Veritone Inc. Common Stock,$3.15,-0.46,-12.742%,116966307.00,United States,2017,1239393,Technology,EDP Services
VERX,Vertex Inc. Class A Common Stock,$31.70,1.17,3.832%,4917104417.00,United States,2020,1189349,Technology,Computer Software: Prepackaged Software
VIAV,Viavi Solutions Inc. Common Stock,$7.38,-0.09,-1.205%,1647496839.00,United States,,1412873,Technology,Radio And Television Broadcasting And Communications Equipment
VICR,Vicor Corporation Common Stock,$32.97,-0.40,-1.199%,1468706677.00,United States,,122913,Technology,Industrial Machinery/Components
VMEO,Vimeo Inc. Common Stock,$3.82,-0.12,-3.046%,646596651.00,United States,,1976399,Technology,Computer Software: Programming Data Processing
VNET,VNET Group Inc. American Depositary Shares,$1.92,-0.01,-0.518%,494185922.00,China,2011,1315831,Technology,Computer Software: Programming Data Processing
VOXX,VOXX International Corporation Class A Common Stock,$5.94,0.47,8.592%,134231900.00,United States,,98105,Technology,Electronic Components
VRAR,The Glimpse Group Inc. Common Stock,$1.14,-0.02,-1.724%,19153794.00,United States,2021,10622,Technology,EDP Services
VREX,Varex Imaging Corporation Common Stock,$15.36,-0.53,-3.335%,628224000.00,United States,,468485,Technology,Industrial Machinery/Components
VRME,VerifyMe Inc. Common Stock,$1.76,0.05,2.924%,17854941.00,United States,,32335,Technology,EDP Services
VRMEW,VerifyMe Inc. Warrant,$0.065,-0.0001,-0.154%,659415.00,United States,,500,Technology,EDP Services
VRNS,Varonis Systems Inc. Common Stock,$44.51,-0.68,-1.505%,4963007877.00,United States,2014,903220,Technology,Computer Software: Prepackaged Software
VRNT,Verint Systems Inc. Common Stock,$30.87,-1.12,-3.501%,1925563975.00,United States,2010,364624,Technology,EDP Services
VRSN,VeriSign Inc. Common Stock,$171.23,1.44,0.848%,17054508000.00,United States,1998,613454,Technology,EDP Services
VSAT,ViaSat Inc. Common Stock,$17.19,-0.29,-1.659%,2154259378.00,United States,1996,1024105,Technology,Radio And Television Broadcasting And Communications Equipment
VSSYW,Versus Systems Inc. Class A Warrants,$0.0353,0.00,0.00%,87359.00,Canada,,2315,Technology,EDP Services
VUZI,Vuzix Corporation Common Stock,$1.20,0.03,2.564%,77670130.00,United States,,1659167,Technology,Radio And Television Broadcasting And Communications Equipment
WATT,Energous Corporation Common Stock,$1.44,-0.06,-4.00%,8759068.00,United States,2014,19160,Technology,Radio And Television Broadcasting And Communications Equipment
WAVD,WaveDancer Inc. Common Stock,$2.98,0.04,1.361%,5999276.00,United States,,179794,Technology,Computer Software: Prepackaged Software
WB,Weibo Corporation American Depositary Share,$9.645,-0.035,-0.362%,2339982536.00,China,2014,1547770,Technology,Computer Software: Programming Data Processing
WDAY,Workday Inc. Class A Common Stock,$246.34,0.38,0.154%,65033760000.00,United States,,1582077,Technology,EDP Services
WDC,Western Digital Corporation Common Stock,$71.60,-0.49,-0.68%,23379166229.00,United States,,3701111,Technology,Electronic Components
WETH,Wetouch Technology Inc. Common Stock,$1.29,-0.04,-3.008%,0.00,China,,120424,Technology,Computer peripheral equipment
WFCF,Where Food Comes From Inc. Common Stock,$11.64,-0.41,-3.402%,62573928.00,United States,,4969,Technology,Computer Software: Prepackaged Software
WGS,GeneDx Holdings Corp. Class A Common Stock,$20.75,0.43,2.116%,542440296.00,United States,2020,967968,Technology,Retail: Computer Software & Peripheral Equipment
WGSWW,GeneDx Holdings Corp. Warrant,$0.0349,-0.0001,-0.286%,912345.00,United States,2020,13159,Technology,Retail: Computer Software & Peripheral Equipment
WIMI,WiMi Hologram Cloud Inc. American Depositary Share,$0.93,0.0234,2.581%,91333479.00,China,2020,135851,Technology,Computer Software: Prepackaged Software
WISA,WiSA Technologies Inc. Common Stock,$3.18,0.14,4.605%,5605411.00,United States,2018,7839137,Technology,Semiconductors
WIX,Wix.com Ltd. Ordinary Shares,$122.26,-0.62,-0.505%,6989921465.00,Israel,2013,926808,Technology,EDP Services
WKEY,WISeKey International Holding Ltd American Depositary Shares,$1.95,-0.025,-1.266%,27272552.00,Switzerland,,6541,Technology,EDP Services
WKME,WalkMe Ltd. Ordinary Shares,$8.00,-0.21,-2.558%,726917296.00,Israel,2021,79822,Technology,Computer Software: Prepackaged Software
WTO,UTime Limited Ordinary Shares,$0.3064,-0.0141,-4.399%,4157172.00,China,2021,1020542,Technology,Consumer Electronics/Appliances
XELA,Exela Technologies Inc. Common Stock,$2.38,-0.04,-1.653%,15149535.00,United States,2015,45722,Technology,Retail: Computer Software & Peripheral Equipment
XNET,Xunlei Limited American Depositary Shares,$1.65,0.03,1.852%,106763433.00,China,2014,43655,Technology,Computer Software: Prepackaged Software
XRX,Xerox Holdings Corporation Common Stock,$13.54,-0.07,-0.514%,1681432485.00,United States,,1326367,Technology,Computer peripheral equipment
XTIA,XTI Aerospace Inc. Common Stock,$1.64,-0.11,-6.286%,16267834.00,United States,2014,296287,Technology,EDP Services
XTKG,X3 Holdings Co. Ltd. Ordinary Shares,$0.83,-0.0124,-1.472%,215557699.00,China,2019,73911,Technology,EDP Services
YY,JOYY Inc. American Depositary Shares,$33.65,-0.33,-0.971%,1987474728.00,China,2012,324928,Technology,EDP Services
ZENV,Zenvia Inc. Class A Common Stock,$2.29,-0.03,-1.293%,41403200.00,Brazil,2021,67490,Technology,Computer Software: Prepackaged Software
ZI,ZoomInfo Technologies Inc Common Stock,$12.76,0.18,1.431%,4771200851.00,United States,2020,7883481,Technology,Computer Software: Prepackaged Software
ZM,Zoom Video Communications Inc. Class A Common Stock,$61.97,0.84,1.374%,19059472254.00,United States,2019,2242518,Technology,Computer Software: Programming Data Processing
ZOOZ,ZOOZ Power Ltd. Ordinary Shares,$2.71,-0.20,-6.873%,0.00,Israel,,47414,Technology,Industrial Machinery/Components
ZOOZW,ZOOZ Power Ltd. Warrant,$0.051,0.00,0.00%,615372.00,Israel,,6189,Technology,Industrial Machinery/Components
ZS,Zscaler Inc. Common Stock,$174.62,2.66,1.547%,26168199769.00,United States,2018,1405645,Technology,EDP Services
